<?xml version="1.0" encoding="UTF-8"?>
<!DOCTYPE suite SYSTEM "https://testng.org/testng-1.0.dtd">
<suite name="Suite">

 <listeners>
 <listener class-name="Listeners.listeners"></listener> 
 </listeners>
  <test thread-count="2" name="Test" parallel="classes">
    <classes>
     <!-- <class name="readbusTestCases.entervaluesinUI"/>
      <class name="readbusTestCases.NavigatetoHomePage"/>-->
       <class name="readbusTestCases.validateDropdown"/>
    </classes>
  </test> <!-- Test -->
</suite> <!-- Suite -->
